{"engineId":"1e4c33f9-a7b7-48ed-aa89-e1546591f5bf","engineName":"GitTest2","rdbmsId":"e04dd9b8-85f7-46df-a4a0-86e4fa5640c3","varstore":{},"frames":[{"file":"@BaseFolder@\\db\\@ENGINE@\\version\\e04dd9b8-85f7-46df-a4a0-86e4fa5640c3\\FRAME31925.gz","meta":"@BaseFolder@\\db\\@ENGINE@\\version\\e04dd9b8-85f7-46df-a4a0-86e4fa5640c3\\METADATA__FRAME31925.owl","state":null,"type":"prerna.ds.rdbms.h2.H2Frame","name":"FRAME31925","keys":["FRAME31925","$CUR_FRAME_KEY"]}],"panels":[{"panelId":"0","panelLabel":null,"view":"visualization","viewOptions":"{\"type\":\"echarts\"}","viewOptionsMap":{"federate-view":{"app_id":"NEWSEMOSSAPP"},"visualization":{"type":"echarts"}},"config":{"type":"STANDARD","opacity":100,"labelOverride":false},"ornaments":{},"events":{"onSingleClick":{"Unfilter":[{"disabledVisuals":["Grid","Sunburst"],"default":true,"query":"(<Frame> | UnfilterFrame(<SelectedColumn>));","options":{},"refresh":false,"disabled":false,"panel":""}]},"onBrush":{"Filter":[{"default":true,"query":"if((IsEmpty(<SelectedValues>)),(<Frame> | UnfilterFrame(<SelectedColumn>)), (<Frame> | SetFrameFilter(<SelectedColumn>==<SelectedValues>)));","options":{},"refresh":false,"disabled":false,"panel":""}]}},"comments":{},"position":{},"filters":[],"order":[],"cbv":[]}],"tasks":{"tasks":[{"type":"basic","task":{"taskType":"basic","id":"task1","numCollected":2000,"internalOffset":0,"taskOptions":"{\"options\":{\"0\":{\"layout\":\"Grid\",\"alignment\":{\"label\":[\"Comments\",\"Director\",\"Genre\",\"MOVIE2_UNIQUE_ROW_ID\",\"MovieBudget\",\"Nominated\",\"RevenueDomestic\",\"RevenueInternational\",\"RottenTomatoesAudience\",\"RottenTomatoesCritics\",\"Studio\",\"Title\"]}}},\"ornament\":false}","qs":{"qsType":"FRAME","frameName":"FRAME31925","isDistinct":true,"overrideImplicit":false,"limit":2000,"offset":0,"relations":"[]","selectors":[{"type":"COLUMN","content":{"table":"FRAME31925","column":"Comments","alias":"Comments","tableAlias":null}},{"type":"COLUMN","content":{"table":"FRAME31925","column":"Director","alias":"Director","tableAlias":null}},{"type":"COLUMN","content":{"table":"FRAME31925","column":"Genre","alias":"Genre","tableAlias":null}},{"type":"COLUMN","content":{"table":"FRAME31925","column":"MOVIE2_UNIQUE_ROW_ID","alias":"MOVIE2_UNIQUE_ROW_ID","tableAlias":null}},{"type":"COLUMN","content":{"table":"FRAME31925","column":"MovieBudget","alias":"MovieBudget","tableAlias":null}},{"type":"COLUMN","content":{"table":"FRAME31925","column":"Nominated","alias":"Nominated","tableAlias":null}},{"type":"COLUMN","content":{"table":"FRAME31925","column":"RevenueDomestic","alias":"RevenueDomestic","tableAlias":null}},{"type":"COLUMN","content":{"table":"FRAME31925","column":"RevenueInternational","alias":"RevenueInternational","tableAlias":null}},{"type":"COLUMN","content":{"table":"FRAME31925","column":"RottenTomatoesAudience","alias":"RottenTomatoesAudience","tableAlias":null}},{"type":"COLUMN","content":{"table":"FRAME31925","column":"RottenTomatoesCritics","alias":"RottenTomatoesCritics","tableAlias":null}},{"type":"COLUMN","content":{"table":"FRAME31925","column":"Studio","alias":"Studio","tableAlias":null}},{"type":"COLUMN","content":{"table":"FRAME31925","column":"Title","alias":"Title","tableAlias":null}}]}}}],"taskCounter":2},"recipe":["AddPanel ( 0 ) ;","Panel ( 0 ) | AddPanelConfig ( config = [ { \"config\" : { \"type\" : \"STANDARD\" , \"opacity\" : 100 } } ] ) ;","Panel ( 0 ) | AddPanelEvents ( { \"onSingleClick\" : { \"Unfilter\" : [ { \"panel\" : \"\" , \"query\" : \"<encode>(<Frame> | UnfilterFrame(<SelectedColumn>));</encode>\" , \"options\" : { } , \"refresh\" : false , \"default\" : true , \"disabledVisuals\" : [ \"Grid\" , \"Sunburst\" ] , \"disabled\" : false } ] } , \"onBrush\" : { \"Filter\" : [ { \"panel\" : \"\" , \"query\" : \"<encode>if((IsEmpty(<SelectedValues>)),(<Frame> | UnfilterFrame(<SelectedColumn>)), (<Frame> | SetFrameFilter(<SelectedColumn>==<SelectedValues>)));</encode>\" , \"options\" : { } , \"refresh\" : false , \"default\" : true , \"disabled\" : false } ] } } ) ;","Panel ( 0 ) | RetrievePanelEvents ( ) ;","Panel ( 0 ) | SetPanelView ( \"visualization\" , \"<encode>{\"type\":\"echarts\"}</encode>\" ) ;","Panel ( 0 ) | SetPanelView ( \"federate-view\" , \"<encode>{\"app_id\":\"NEWSEMOSSAPP\"}</encode>\" ) ;","CreateFrame ( frameType = [ GRID ] ) .as ( [ 'FRAME31925' ] ) ;","Database ( database = [ \"1e4c33f9-a7b7-48ed-aa89-e1546591f5bf\" ] ) | Select ( MOVIE2__Comments , MOVIE2__Director , MOVIE2__Genre , MOVIE2__MOVIE2_UNIQUE_ROW_ID , MOVIE2__MovieBudget , MOVIE2__Nominated , MOVIE2__RevenueDomestic , MOVIE2__RevenueInternational , MOVIE2__RottenTomatoesAudience , MOVIE2__RottenTomatoesCritics , MOVIE2__Studio , MOVIE2__Title ) .as ( [ Comments , Director , Genre , MOVIE2_UNIQUE_ROW_ID , MovieBudget , Nominated , RevenueDomestic , RevenueInternational , RottenTomatoesAudience , RottenTomatoesCritics , Studio , Title ] ) | Import ( frame = [ FRAME31925 ] ) ;","Panel ( 0 ) | SetPanelView ( \"visualization\" ) ;","Frame ( frame = [ FRAME31925 ] ) | QueryAll ( ) | AutoTaskOptions ( panel = [ \"0\" ] , layout = [ \"Grid\" ] ) | Collect ( 2000 ) ;"]}